attribute,range,importance
Salary,8.473656799220969,53.420497385238065
Manager quality,3.1134589418016736,19.62818759367896
Training,2.7685176508350917,17.453573283852883
Flexibility,1.506549129794591,9.497741737230102
