label,base_pay_inc,learning_hrs,manager_prog,internal_market,health_enhanced,cost_k,invest_delta_musd,turnover_rate,turnover_drop_pp,savings_musd,net_benefit_musd
A,0,0,0,0,1,2,NA,NA,NA,NA,NA
C,0,0,1,0,0,1.5,-0.5,0.10999999999999999,0.04000000000000001,8.000000000000002,8.500000000000002
D,10,0,0,0,0,10,8,0.135,0.014999999999999986,2.9999999999999973,-5.000000000000003
