attribute_level,wtp_k
Manager: good vs average,14.697120808989629
Flex: hybrid vs onsite,7.111683493875262
Flex: remote vs onsite,5.845069098022229
Training: +$1K,2.6137642497766653
