dimension,spec,r,AUC,AIR,d
Age,Full,0.2520235997928043,0.6571790006325113,0.41428571428571453,-0.04371978985346261
Age,Operational,0.2520235997928043,0.6571790006325113,0.41428571428571453,-0.04371978985346261
Age,Revised,0.23913189147219877,0.6497695852534567,0.41428571428571453,-0.04371978985346261
