sex,tpr,fpr,sel_rate
F,9.350163627863488e-5,0,0.004301075268817204
M,4.6920821114369496e-5,0,0.0014545454545454545
