dimension,spec,r,AUC,AIR,d
White-Black,Full,0.2124872605970553,0.6450505780346827,0.7339449541284407,-0.03086845289500559
White-Black,Operational,0.20943933467761983,0.6472182080924855,0.7339449541284407,-0.03086845289500559
White-Black,Revised,0.18004855873336106,0.6262644508670513,0.7339449541284407,-0.03086845289500559
