dimension,spec,r,AUC,AIR,d
White-Hispanic,Full,0.2710523243371143,0.6798574643660924,0.8305084745762724,0.0644727465068873
White-Hispanic,Operational,0.2631655648589725,0.6768567141785455,0.8305084745762724,0.0644727465068873
White-Hispanic,Revised,0.20559514462593503,0.6459114778694682,0.8305084745762724,0.0644727465068873
