dimension,spec,r,AUC,AIR,d
Sex,Full,0.2461563571241515,0.6606126321496341,0.6855345911949682,-0.3276521187730783
Sex,Operational,0.2409730286905411,0.6542875214601976,0.6855345911949682,-0.3276521187730783
Sex,Revised,0.22872006198862466,0.6437155507364243,0.6855345911949682,-0.3276521187730783
